job_id,episode,success,failure,steps,settling_time,mse,control_cost,final_position_error
0,0,1.0,0.0,936,936.0,0.01220158791142686,1589.2499,0.006030065
0,1,0.0,1.0,3,,0.052246210095932076,318.89816,0.23008373
0,2,1.0,0.0,520,520.0,0.0003948774633149965,164.5942,0.0059844954
0,3,1.0,0.0,714,714.0,0.005120375306712777,212.74706,0.0055156145
0,4,1.0,0.0,851,851.0,0.004841505429671539,2362.3425,0.005538214
0,5,1.0,0.0,1003,1003.0,0.01603111841442313,1791.1212,0.006397986
0,6,0.0,1.0,1,,0.05747649611813643,14.716198,0.23959999
0,7,0.0,1.0,1,,0.08286617985234912,96.11647,0.28935328
0,8,1.0,0.0,551,551.0,0.0015234821289723563,220.89987,0.005847334
0,9,0.0,1.0,1,,0.08686518012206079,59.21782,0.2952567
0,10,0.0,1.0,35,,0.06475188317843047,1224.6814,0.2530265
0,11,1.0,0.0,889,889.0,0.014533253895728074,241.88591,0.0054617603
0,12,1.0,0.0,713,713.0,0.003267838736138888,200.19823,0.005621616
0,13,1.0,0.0,1016,1016.0,0.02176654412900526,1428.4429,0.0055497186
0,14,0.0,1.0,1,,0.10424570161095303,11.931906,0.32233968
0,15,1.0,0.0,752,752.0,0.006966102142143775,90.86253,0.0064198184
0,16,1.0,0.0,653,653.0,0.0023093194075423213,206.58858,0.006138438
0,17,0.0,1.0,1,,0.05912536981256622,78.01854,0.24416628
0,18,1.0,0.0,990,990.0,0.012229771333944896,1800.2534,0.0063753077
0,19,1.0,0.0,886,886.0,0.01255864726604271,720.02856,0.0056911297
0,20,0.0,1.0,234,,0.058907216205669105,1828.5,0.29515707
0,21,0.0,1.0,8,,0.08497370228703716,1167.1661,0.29910108
0,22,1.0,0.0,841,841.0,0.010335192134680895,237.93353,0.006386081
0,23,1.0,0.0,600,600.0,0.0019488890460092664,1.6794076,0.005422009
0,24,1.0,0.0,665,665.0,0.0021480844569202392,73.30723,0.0055409297
0,25,1.0,0.0,723,723.0,0.003254797095286336,1579.972,0.005462234
0,26,0.0,1.0,1,,0.06107180396232281,3.20614,0.24637017
0,27,1.0,0.0,788,788.0,0.00825198154750187,275.00854,0.0062884404
0,28,1.0,0.0,833,833.0,0.01153560909545414,162.14828,0.006265019
0,29,1.0,0.0,959,959.0,0.01454033421250724,1574.0249,0.0053847465
0,30,0.0,1.0,7,,0.10229900239356292,665.6355,0.32253614
0,31,1.0,0.0,926,926.0,0.009518848422156754,1455.4382,0.005586493
0,32,1.0,0.0,818,818.0,0.008107402399736306,184.27109,0.005475151
0,33,1.0,0.0,649,649.0,0.0018016558412196511,116.05297,0.0054453337
0,34,1.0,0.0,834,834.0,0.01145366547721888,1199.1588,0.005402041
0,35,1.0,0.0,1080,1080.0,0.02294444173302401,1771.9125,0.005528844
0,36,1.0,0.0,875,875.0,0.016727928826548822,141.08054,0.0053932974
0,37,0.0,1.0,1,,0.058174162195180124,8.369865,0.24098478
0,38,1.0,0.0,733,733.0,0.0069262225722916005,62.831417,0.006242537
0,39,1.0,0.0,801,801.0,0.007315244537416299,1305.1604,0.0055365316
0,40,1.0,0.0,849,849.0,0.006300584869078464,2330.407,0.005901586
0,41,1.0,0.0,742,742.0,0.00724650913609067,285.60376,0.0054480303
0,42,1.0,0.0,884,884.0,0.011550523328865168,1185.5701,0.0061942246
0,43,1.0,0.0,720,720.0,0.005078473561135963,256.255,0.006056738
0,44,0.0,1.0,211,,0.041905814089272166,1148.691,0.2458783
0,45,1.0,0.0,746,746.0,0.005753188134082531,390.34918,0.0060594073
0,46,1.0,0.0,993,993.0,0.01736335929293895,1748.8154,0.006268731
0,47,1.0,0.0,832,832.0,0.012912506113494605,52.122856,0.006270971
0,48,1.0,0.0,936,936.0,0.015186231117480187,556.59174,0.006203544
0,49,0.0,1.0,309,,0.04414931051032538,1953.631,0.28216085
0,50,0.0,1.0,1,,0.07124698659528494,7.741501,0.26676643
0,51,1.0,0.0,907,907.0,0.02024279855573344,132.32085,0.006077001
0,52,1.0,0.0,811,811.0,0.00687742585962058,514.229,0.0055726557
0,53,0.0,1.0,1,,0.09850003631172743,37.53836,0.31446826
0,54,1.0,0.0,803,803.0,0.007990467977346816,155.4861,0.005699685
0,55,1.0,0.0,851,851.0,0.007730001379875037,1557.181,0.005714572
0,56,1.0,0.0,503,503.0,0.0008169776781990001,1443.2074,0.00641233
0,57,0.0,1.0,320,,0.023697156379050132,21632.062,0.23990694
0,58,1.0,0.0,963,963.0,0.021036445725352078,442.92178,0.0063479906
0,59,1.0,0.0,893,893.0,0.014932630257902157,358.6066,0.0055022584
0,60,1.0,0.0,855,855,0.006743191156533473,784.2241,0.005600341
0,61,1.0,0.0,806,806,0.01287622446209963,49.12771,0.0056277425
0,62,1.0,0.0,781,781,0.009411147485717832,445.8134,0.006061847
0,63,1.0,0.0,824,824,0.008285934721987078,1098.1038,0.0055016363
0,64,1.0,0.0,516,516,0.0014121848554618803,287.07663,0.0055997525
0,65,1.0,0.0,643,643.0,0.0021510007485628325,1314.7357,0.0062245084
0,66,1.0,0.0,808,808.0,0.007234239274122335,546.98083,0.005393878
0,67,1.0,0.0,984,984.0,0.013190681147533398,1539.3479,0.006392544
0,68,1.0,0.0,906,906.0,0.013724986225665443,306.75406,0.0061720395
0,69,0.0,1.0,1,,0.05585078545863453,57.95211,0.23739961
0,70,0.0,1.0,1,,0.07751449428019441,137.66248,0.2804217
0,71,1.0,0.0,807,807.0,0.009510796373248866,71.280975,0.0059899874
0,72,1.0,0.0,761,761.0,0.008130767730686748,314.92078,0.0063319253
0,73,1.0,0.0,683,683.0,0.0037274860525787702,282.50806,0.006024716
0,74,1.0,0.0,878,878.0,0.01304571610885421,353.23398,0.0056938767
0,75,1.0,0.0,922,922,0.013131487259188026,1527.4882,0.0053875507
0,76,1.0,0.0,789,789,0.011408804089804611,172.37772,0.0062629525
0,77,1.0,0.0,1091,1091,0.027196636615013675,1634.6072,0.005478978
0,78,1.0,0.0,610,610,0.001400392618320989,1373.3333,0.0054504164
0,79,1.0,0.0,771,771,0.003338461975223703,2168.7173,0.006418886
0,80,1.0,0.0,728,728.0,0.006303967456112536,325.83798,0.005522271
0,81,1.0,0.0,657,657.0,0.0014765261521963102,695.75397,0.0054255063
0,82,0.0,1.0,4,,0.06865359259574011,473.3587,0.26435181
0,83,1.0,0.0,888,888.0,0.01330494415568513,343.31104,0.0063563674
0,84,1.0,0.0,1043,1043.0,0.015490702499605349,1821.2195,0.0055220122
0,85,0.0,1.0,1,,0.07715518652953168,15.916182,0.27777484
0,86,1.0,0.0,989,989.0,0.023009936046173914,1009.32043,0.005573083
0,87,1.0,0.0,831,831.0,0.012400083526725003,172.45746,0.005581526
0,88,0.0,1.0,114,,0.07950147168580782,156.21838,0.27040303
0,89,0.0,1.0,1,,0.05573967929390933,22.151123,0.23642875
0,90,0.0,1.0,152,,0.05222100968286251,1302.7205,0.2645042
0,91,1.0,0.0,611,611.0,0.0010717678341791716,1272.8867,0.0063580037
0,92,1.0,0.0,821,821.0,0.014015164184852968,111.97243,0.0056087086
0,93,0.0,1.0,11,,0.05062389138943069,1171.5762,0.2345345
0,94,1.0,0.0,843,843.0,0.011226006015204609,904.8827,0.0063080736
0,95,1.0,0.0,916,916.0,0.008743278229681193,1529.9158,0.005627291
0,96,1.0,0.0,417,417.0,0.0004115779594225414,461.69073,0.0066227214
0,97,1.0,0.0,1074,1074.0,0.025731365527277613,1594.258,0.0054083983
0,98,0.0,1.0,104,,0.05386313001521411,1226.1373,0.2416126
0,99,1.0,0.0,467,467.0,0.00027165316020431754,87.67181,0.005777058
0,100,1.0,0.0,807,807.0,0.006692718004639436,1673.1733,0.0064474517
0,101,1.0,0.0,944,944.0,0.012808531230101785,1666.4476,0.005659964
0,102,1.0,0.0,784,784.0,0.008094771667818594,1182.052,0.0056770183
0,103,0.0,1.0,10,,0.05216629975653471,715.59216,0.23356748
0,104,1.0,0.0,689,689.0,0.003930043542455792,120.086685,0.0054560932
0,105,1.0,0.0,755,755.0,0.00206925249418655,1896.6003,0.0055432958
0,106,0.0,1.0,1,,0.08881425376543817,45.815815,0.2989028
0,107,0.0,1.0,112,,0.06497998744017268,2453.826,0.27200365
0,108,0.0,1.0,9,,0.055820322817312786,831.1992,0.2402405
0,109,0.0,1.0,67,,0.06588457627280872,1666.1307,0.26879632
0,110,0.0,1.0,1,,0.05786065187658096,100.30691,0.24228445
0,111,0.0,1.0,160,,0.059579207457425024,1415.9805,0.24477889
0,112,0.0,1.0,458,,0.019046380821904768,7095.9214,0.234751
0,113,1.0,0.0,770,770.0,0.006559534853506773,288.96545,0.0059415875
0,114,1.0,0.0,807,807.0,0.0059546026734692,283.9691,0.0056500304
0,115,1.0,0.0,1027,1027.0,0.018158005661332022,1727.7947,0.005541074
0,116,1.0,0.0,497,497.0,0.0015702610048629574,234.10124,0.005797871
0,117,1.0,0.0,910,910.0,0.012442014934120449,985.1027,0.0055171805
0,118,1.0,0.0,888,888.0,0.010826755431751184,609.7601,0.0056233816
0,119,0.0,1.0,136,,0.06172984976288867,724.4802,0.2532131
0,120,1.0,0.0,837,837.0,0.010040619814917858,166.61423,0.006295367
0,121,0.0,1.0,1,,0.06677670195153951,68.200264,0.2593546
0,122,1.0,0.0,748,748.0,0.0038596690457319343,879.836,0.0054707834
0,123,1.0,0.0,870,870.0,0.013871624916209855,222.98505,0.0063137515
0,124,0.0,1.0,1,,0.09502115538467493,89.688705,0.30882633
0,125,1.0,0.0,1032,1032.0,0.019936427302415554,1525.1027,0.005947608
0,126,0.0,1.0,153,,0.06403711108815088,1681.1382,0.28389332
0,127,1.0,0.0,838,838.0,0.008611437918395892,367.72302,0.005909137
0,128,1.0,0.0,685,685.0,0.0020267922623361427,1317.0758,0.0057152915
0,129,1.0,0.0,880,880.0,0.015367877387915284,412.22372,0.0059984056
0,130,0.0,1.0,1,,0.05809182271133673,19.19569,0.23915827
0,131,1.0,0.0,852,852.0,0.008037746229758108,730.9248,0.005987602
0,132,1.0,0.0,828,828.0,0.0044666541781628495,1316.3026,0.00563682
0,133,1.0,0.0,767,767.0,0.008607266177673337,7.293569,0.0055050096
0,134,1.0,0.0,761,761.0,0.008834415299419047,6.086612,0.0063148444
0,135,1.0,0.0,602,602,0.0013655923902030735,96.92471,0.0057873707
0,136,1.0,0.0,945,945,0.02171315487359136,367.2793,0.0053901575
0,137,1.0,0.0,909,909,0.009475500891143724,1117.7949,0.0061556315
0,138,1.0,0.0,723,723,0.003635882495460092,770.92633,0.006088261
0,139,1.0,0.0,721,721,0.00447425697014717,287.88004,0.0057251942
0,140,1.0,0.0,866,866.0,0.011755584977650193,275.2844,0.006369849
0,141,1.0,0.0,739,739.0,0.007478822907030545,21.729006,0.0064090574
0,142,1.0,0.0,726,726.0,0.003405686568073424,142.87297,0.00568149
0,143,1.0,0.0,893,893.0,0.00648199287688372,1805.8055,0.0063938387
0,144,0.0,1.0,116,,0.046145136741648114,1034.033,0.23853657
0,145,1.0,0.0,810,810.0,0.0074039293469821505,487.0217,0.0063350736
0,146,1.0,0.0,673,673.0,0.003504208404466799,23.376118,0.005774565
0,147,1.0,0.0,1010,1010.0,0.017952481326856423,1475.1052,0.005800161
0,148,0.0,1.0,43,,0.050116378745276594,660.99994,0.23120625
0,149,0.0,1.0,153,,0.06766817700243766,1246.321,0.25681993
0,150,1.0,0.0,952,952.0,0.012445484319293971,1446.8501,0.0054353867
0,151,0.0,1.0,7,,0.05707272196353826,567.0542,0.24201478
0,152,1.0,0.0,737,737.0,0.0044274723835820385,268.09875,0.005448617
0,153,1.0,0.0,865,865.0,0.009207565144670868,867.6938,0.0056175287
0,154,1.0,0.0,1032,1032.0,0.016341337862985555,2166.528,0.005987119
0,155,0.0,1.0,1,,0.06627065862724013,35.92748,0.25742123
0,156,1.0,0.0,959,959.0,0.011113755647363633,2163.5723,0.0054397564
0,157,1.0,0.0,849,849.0,0.011764511964209256,399.28714,0.0057749623
0,158,0.0,1.0,63,,0.061915297502861455,744.94354,0.24541616
0,159,1.0,0.0,723,723.0,0.0057515801952542234,161.1792,0.006175492
0,160,0.0,1.0,206,,0.06338235086636368,1997.2488,0.30661923
0,161,1.0,0.0,790,790.0,0.01068044832083564,78.66022,0.005416295
0,162,0.0,1.0,135,,0.06164962460609637,2280.1094,0.27255198
0,163,1.0,0.0,772,772.0,0.004734515460401762,321.96527,0.0064457636
0,164,0.0,1.0,1,,0.08368267547224661,84.29546,0.29045585
0,165,0.0,1.0,145,,0.0437950074982342,1382.6515,0.24311301
0,166,0.0,1.0,29,,0.08312303772129331,427.54666,0.2805781
0,167,1.0,0.0,786,786.0,0.008274761028870791,381.65515,0.00587125
0,168,1.0,0.0,975,975.0,0.015169072795600605,1507.7625,0.0063685835
0,169,0.0,1.0,86,,0.09229757184243949,1444.4586,0.31563905
0,170,1.0,0.0,610,610.0,0.0014750498001657646,44.7315,0.00545049
0,171,1.0,0.0,832,832.0,0.00785350172581366,235.78717,0.005394947
0,172,1.0,0.0,858,858.0,0.017789016102411404,276.57477,0.0056664622
0,173,0.0,1.0,6,,0.09264784812631695,643.6074,0.30844533
0,174,1.0,0.0,385,385.0,0.0008037566222535998,66.55096,0.005682239
0,175,1.0,0.0,758,758.0,0.008814083098977105,116.397095,0.005558359
0,176,1.0,0.0,604,604.0,0.0011061530077163424,1610.229,0.006456908
0,177,1.0,0.0,784,784.0,0.006491228119048442,112.334785,0.0055840756
0,178,1.0,0.0,715,715.0,0.006433490076132956,112.96175,0.005403433
0,179,0.0,1.0,1,,0.09833141108741561,25.80666,0.3139666
0,180,1.0,0.0,698,698.0,0.0024495784805376947,1597.1182,0.00623352
0,181,0.0,1.0,1,,0.09393325450044987,54.00936,0.30715612
0,182,1.0,0.0,707,707.0,0.005707922313836587,132.62839,0.005412148
0,183,1.0,0.0,767,767.0,0.00649565544676203,88.06941,0.006390471
0,184,1.0,0.0,473,473.0,0.0014233765756919757,334.04697,0.006556273
0,185,1.0,0.0,671,671.0,0.003268703100472407,42.651653,0.005745255
0,186,1.0,0.0,875,875.0,0.009372592173748842,1392.3931,0.0058565647
0,187,0.0,1.0,1,,0.10066063791145385,3.4658732,0.31611624
0,188,1.0,0.0,859,859.0,0.013139313938527087,151.12724,0.006095586
0,189,1.0,0.0,517,517.0,0.0015445206750516027,107.56929,0.006514081
0,190,1.0,0.0,706,706.0,0.003442420451865646,497.25983,0.0053901672
0,191,1.0,0.0,802,802.0,0.009511176577425262,275.53946,0.005711592
0,192,1.0,0.0,673,673.0,0.004100680440785294,136.59854,0.0054881726
0,193,0.0,1.0,106,,0.08868631798372564,1538.3595,0.29840177
0,194,1.0,0.0,436,436.0,0.0002672655887581372,64.059715,0.0063967723
0,195,0.0,1.0,1,,0.07281924003728424,44.896545,0.26992476
0,196,1.0,0.0,690,690.0,0.004139045481158529,35.37385,0.0055333823
0,197,1.0,0.0,810,810.0,0.006344767385069181,239.27745,0.005473165
0,198,1.0,0.0,828,828.0,0.012125895712140667,66.366844,0.0060265567
0,199,1.0,0.0,667,667.0,0.0022632268009492064,229.76926,0.0057009407
0,200,0.0,1.0,7,,0.06886316194649529,693.39667,0.26660153
0,201,1.0,0.0,932,932.0,0.008421048809850725,1349.1245,0.0063985493
0,202,1.0,0.0,696,696.0,0.0055448510107341704,197.31108,0.0060734693
0,203,1.0,0.0,1033,1033.0,0.016522722805346387,1560.2943,0.005449841
0,204,1.0,0.0,1041,1041.0,0.02054618789679097,2376.8022,0.0062184217
0,205,1.0,0.0,856,856,0.013220586297755067,277.08676,0.005407163
0,206,1.0,0.0,895,895,0.015455445774006517,178.70424,0.0055291275
0,207,1.0,0.0,811,811,0.009458225543408133,1826.2323,0.006018233
0,208,1.0,0.0,853,853,0.014041092705923845,543.89075,0.0054109567
0,209,1.0,0.0,902,902,0.011657211934577432,1190.9893,0.0059668287
0,210,1.0,0.0,455,455.0,0.0007301088958722121,22.576773,0.005457207
0,211,1.0,0.0,616,616.0,0.002863146253777685,75.80759,0.0056002233
0,212,1.0,0.0,762,762.0,0.0025000743528328564,2056.1167,0.0055534993
0,213,0.0,1.0,111,,0.052528583733933674,283.098,0.2395168
0,214,1.0,0.0,742,742.0,0.006503205035995175,1891.3251,0.0056707286
0,215,1.0,0.0,823,823,0.012571743588405963,694.9065,0.005426657
0,216,1.0,0.0,825,825,0.010288214586954992,190.05562,0.0055324347
0,217,1.0,0.0,892,892,0.013615540485958139,230.22635,0.0063716834
0,218,1.0,0.0,613,613,0.0010314776934539662,836.23425,0.0054607703
0,219,1.0,0.0,964,964,0.013324002565019111,1945.4637,0.005542776
0,220,0.0,1.0,1,,0.05721237519139866,81.93031,0.24002756
0,221,0.0,1.0,27,,0.0681411882189915,1038.7806,0.26925686
0,222,1.0,0.0,776,776.0,0.00865189566626402,441.63638,0.0060055926
0,223,1.0,0.0,719,719.0,0.006314661266859138,130.0663,0.005700456
0,224,1.0,0.0,748,748.0,0.004908566078668076,97.37761,0.005969744
0,225,1.0,0.0,891,891.0,0.014083179482125003,313.25458,0.005448558
0,226,0.0,1.0,1,,0.07321561350825423,105.826004,0.27211425
0,227,1.0,0.0,783,783.0,0.005674445560866353,503.08054,0.0059225424
0,228,0.0,1.0,62,,0.05365403606260583,645.179,0.23663864
0,229,1.0,0.0,851,851.0,0.007609153933015628,636.61224,0.006329275
0,230,1.0,0.0,871,871,0.005374096489582115,2212.9854,0.00547994
0,231,1.0,0.0,823,823,0.01295811747619842,318.1427,0.006052734
0,232,1.0,0.0,786,786,0.011718713568229826,39.35531,0.0061976854
0,233,1.0,0.0,921,921,0.008218695322205628,1591.1626,0.006333286
0,234,1.0,0.0,832,832,0.013985521681449987,105.08677,0.0055224826
0,235,1.0,0.0,938,938,0.008615056574478648,1598.6058,0.006184021
0,236,1.0,0.0,783,783,0.00832345829443114,205.7576,0.006262589
0,237,1.0,0.0,919,919,0.0148034213191676,1022.43115,0.006330663
0,238,1.0,0.0,820,820,0.0101155583372782,139.32544,0.0063887215
0,239,1.0,0.0,783,783,0.009527321287462417,120.967926,0.0055486574
0,240,1.0,0.0,705,705.0,0.0016618808569492003,1317.7677,0.005527026
0,241,0.0,1.0,348,,0.028768070795910143,3812.7004,0.23069645
0,242,1.0,0.0,919,919.0,0.01615262537934648,413.79434,0.0055817408
0,243,1.0,0.0,847,847.0,0.011553111694934523,169.078,0.005828267
0,244,1.0,0.0,601,601.0,0.0008885426172823259,1287.8419,0.005704297
0,245,1.0,0.0,892,892.0,0.014441181234327463,328.16864,0.005777165
0,246,1.0,0.0,838,838.0,0.006832364487955624,391.2191,0.006072154
0,247,1.0,0.0,646,646.0,0.0035997624835073785,1615.6631,0.005395879
0,248,1.0,0.0,641,641.0,0.0028514304344898593,1377.3525,0.00551717
0,249,0.0,1.0,110,,0.060655758312951044,899.0851,0.23981164
0,250,0.0,1.0,124,,0.05590605787103372,884.154,0.2602672
0,251,1.0,0.0,798,798.0,0.0044774630586738974,1303.1554,0.0063739195
0,252,1.0,0.0,1109,1109.0,0.021646188293759857,1941.5791,0.0056305793
0,253,0.0,1.0,301,,0.027735717080390562,3119.4556,0.23709577
0,254,0.0,1.0,6,,0.051670211326944125,659.6715,0.2318208
0,255,1.0,0.0,782,782.0,0.005732083689004554,195.96834,0.005633243
0,256,1.0,0.0,905,905.0,0.010831423693135321,1461.4626,0.0054394836
0,257,0.0,1.0,104,,0.04719510368169448,1126.0857,0.2301909
0,258,1.0,0.0,728,728.0,0.00690477931036278,16.87499,0.0063383803
0,259,1.0,0.0,834,834.0,0.013613763000680472,45.90372,0.006252659
0,260,1.0,0.0,788,788.0,0.006920036345539488,2137.5679,0.005553346
0,261,1.0,0.0,880,880.0,0.013074810634271593,861.87836,0.005838675
0,262,1.0,0.0,775,775.0,0.009910318331676403,51.32447,0.0055132983
0,263,1.0,0.0,826,826.0,0.013263612240710031,260.6849,0.0055205687
0,264,0.0,1.0,1,,0.06865283630291064,86.54359,0.26169628
0,265,1.0,0.0,925,925.0,0.012251895900164496,1719.9064,0.006407042
0,266,1.0,0.0,871,871.0,0.014932948874396283,183.86548,0.005823034
0,267,0.0,1.0,138,,0.09015000312639224,1207.9496,0.3202711
0,268,1.0,0.0,863,863.0,0.010214063287929079,1616.7703,0.0061548534
0,269,1.0,0.0,755,755.0,0.00244818719576379,1397.1603,0.0064224615
0,270,1.0,0.0,741,741,0.004931072131251865,113.35371,0.006197285
0,271,1.0,0.0,947,947,0.015741650858373143,1138.5802,0.0054060356
0,272,1.0,0.0,951,951,0.014361190528958765,1577.7228,0.0054938956
0,273,1.0,0.0,729,729,0.005525353474874115,427.82257,0.0054031485
0,274,1.0,0.0,675,675,0.004692436534293279,164.17328,0.0055773333
0,275,0.0,1.0,1,,0.1028377983306763,125.18623,0.32273728
0,276,1.0,0.0,455,455.0,0.000644311227119003,55.84596,0.0062949704
0,277,0.0,1.0,6,,0.05808257130240132,938.65625,0.2481937
0,278,0.0,1.0,1,,0.06070342812287155,71.77992,0.24614374
0,279,1.0,0.0,906,906.0,0.01940611963544608,191.8134,0.0061126044
0,280,1.0,0.0,770,770,0.0037896138726315645,1533.2999,0.0055770176
0,281,1.0,0.0,798,798,0.005197938476674381,524.89264,0.0064132395
0,282,1.0,0.0,877,877,0.01383654004412987,456.39267,0.006378272
0,283,1.0,0.0,743,743,0.007402544567013692,210.29317,0.0054053077
0,284,1.0,0.0,924,924,0.011441040593480943,1960.5826,0.005605714
0,285,0.0,1.0,1,,0.09395572542136055,7.35514,0.3049565
0,286,0.0,1.0,121,,0.05253259092636794,1085.3346,0.23685937
0,287,0.0,1.0,204,,0.05686152087281537,2290.086,0.29807612
0,288,1.0,0.0,906,906.0,0.011010356381894482,1381.8829,0.006291468
0,289,1.0,0.0,1097,1097.0,0.02606674593244354,2000.2906,0.0055962675
0,290,1.0,0.0,935,935.0,0.011195403267477953,1663.9059,0.0063882424
0,291,1.0,0.0,894,894.0,0.016298781938325443,935.3737,0.005484107
0,292,1.0,0.0,878,878.0,0.012076774867591731,267.63422,0.005814685
0,293,0.0,1.0,19,,0.052486069787553886,1175.5972,0.23574252
0,294,1.0,0.0,1049,1049.0,0.023735550147489667,1549.6151,0.0059860805
0,295,1.0,0.0,962,962,0.015212297912912792,1529.752,0.005630071
0,296,1.0,0.0,796,796,0.005156961670907279,447.3328,0.0063001136
0,297,1.0,0.0,992,992,0.024929384758035692,910.7827,0.0055478495
0,298,1.0,0.0,853,853,0.007033018061202428,1443.5776,0.0055630594
0,299,1.0,0.0,773,773,0.006744214142286439,1783.2034,0.005574236
0,300,0.0,1.0,14,,0.0713192282471123,1176.2627,0.2673346
0,301,0.0,1.0,65,,0.0683933363630012,1064.8114,0.2540133
0,302,1.0,0.0,781,781.0,0.0058342221324732425,142.28555,0.006088953
0,303,0.0,1.0,1,,0.05492082151776345,16.738216,0.23471154
0,304,1.0,0.0,680,680.0,0.0022382528279341796,196.92406,0.006441568
0,305,1.0,0.0,794,794.0,0.006909780154587127,1363.3253,0.005670384
0,306,1.0,0.0,1035,1035.0,0.01452272372758909,1701.549,0.0063771806
0,307,1.0,0.0,600,600.0,0.0017849955365246313,16.708931,0.0063932445
0,308,0.0,1.0,150,,0.0865109883200566,1256.6934,0.3095036
0,309,0.0,1.0,1,,0.06395416141731758,104.14417,0.25402695
0,310,0.0,1.0,200,,0.0657156498114105,1471.1318,0.29346797
0,311,0.0,1.0,89,,0.04896955552802031,845.11914,0.23818082
0,312,0.0,1.0,198,,0.04571152000075788,1794.2494,0.27727276
0,313,1.0,0.0,845,845.0,0.010372117656229096,149.31378,0.0063011246
0,314,1.0,0.0,934,934.0,0.009699334628369955,1349.6149,0.0055380138
0,315,0.0,1.0,94,,0.08566686914462361,185.88132,0.27235034
0,316,1.0,0.0,918,918.0,0.013539467246933331,1006.9802,0.0060789883
0,317,0.0,1.0,9,,0.069372713333588,1015.0971,0.26639387
0,318,1.0,0.0,789,789.0,0.009559675041016636,1510.7632,0.0061836583
0,319,1.0,0.0,734,734.0,0.0037390329560179464,160.52199,0.00558999
0,320,0.0,1.0,1,,0.08795963554399933,117.1265,0.29624122
0,321,1.0,0.0,722,722.0,0.003142254947648587,277.7029,0.005519835
0,322,1.0,0.0,771,771.0,0.006016498637416201,118.69531,0.0054547815
0,323,0.0,1.0,1,,0.07829349237060601,78.68279,0.2798325
0,324,0.0,1.0,190,,0.04611230261890218,1280.4307,0.23666747
0,325,1.0,0.0,854,854.0,0.012712463221458439,344.5978,0.005822405
0,326,0.0,1.0,1,,0.08612448068854306,8.260262,0.2917192
0,327,1.0,0.0,831,831.0,0.011855030500037994,59.01944,0.0055224886
0,328,0.0,1.0,203,,0.04496350652124686,1813.2283,0.27660254
0,329,1.0,0.0,674,674.0,0.003926915889866855,31.96351,0.0057967543
0,330,0.0,1.0,7,,0.07467021592922636,1051.5348,0.2801742
0,331,1.0,0.0,662,662.0,0.0037245257611300243,523.29926,0.0057262233
0,332,0.0,1.0,11,,0.0901770835892592,579.1203,0.30195537
0,333,1.0,0.0,943,943.0,0.014959243322938921,1428.173,0.0056295902
0,334,0.0,1.0,99,,0.04808420665649703,414.99545,0.2329687
0,335,1.0,0.0,796,796,0.005995420391938598,240.7103,0.005539997
0,336,1.0,0.0,942,942,0.009291511501283328,2239.187,0.005533209
0,337,1.0,0.0,856,856,0.012778224868637977,111.57564,0.0063629025
0,338,1.0,0.0,890,890,0.006548736451917172,1633.3032,0.005525302
0,339,1.0,0.0,1032,1032,0.02458936179472077,1622.21,0.00539448
0,340,0.0,1.0,95,,0.07415322187202511,443.81976,0.2573487
0,341,0.0,1.0,110,,0.04735711803787842,914.0801,0.2365134
0,342,1.0,0.0,807,807.0,0.004451327918883412,1498.9547,0.0055252174
0,343,1.0,0.0,981,981.0,0.012636412522418925,1787.9517,0.005457875
0,344,1.0,0.0,709,709.0,0.005289423504157672,474.52582,0.00593206
0,345,1.0,0.0,458,458,0.0005344602307444918,2959.328,0.0054376866
0,346,1.0,0.0,702,702,0.002813452481546938,320.9099,0.0059647467
0,347,1.0,0.0,997,997,0.02313127340967317,1586.6498,0.006072854
0,348,1.0,0.0,905,905,0.01116402489072351,1295.6948,0.0060612364
0,349,1.0,0.0,872,872,0.010287612609687295,315.6371,0.0063179047
0,350,1.0,0.0,895,895.0,0.009716969061567287,1615.3125,0.0062352065
0,351,1.0,0.0,869,869.0,0.013949346021549118,943.21857,0.005962825
0,352,0.0,1.0,59,,0.09015679866326612,1616.4827,0.30862
0,353,1.0,0.0,664,664.0,0.0019033192044381555,110.19024,0.0064155096
0,354,1.0,0.0,563,563.0,0.0017560661905002464,616.40967,0.0055596954
0,355,0.0,1.0,133,,0.05175793452777827,1725.0204,0.2508674
0,356,1.0,0.0,767,767.0,0.00668671462654091,80.80462,0.005709716
0,357,1.0,0.0,810,810.0,0.005634456675987987,322.6521,0.0054097283
0,358,1.0,0.0,668,668.0,0.0043042862974380595,21.929678,0.0063437982
0,359,1.0,0.0,617,617.0,0.002675119967480021,627.8358,0.005499587
0,360,0.0,1.0,220,,0.054868354360123335,1652.7646,0.2795635
0,361,0.0,1.0,236,,0.062732521698364,2380.9863,0.29819217
0,362,1.0,0.0,795,795.0,0.007796355599613456,414.9801,0.0063941116
0,363,1.0,0.0,845,845.0,0.005148260704646508,2176.4946,0.0063672783
0,364,1.0,0.0,901,901.0,0.01073145099913394,1251.5216,0.006318172
0,365,1.0,0.0,389,389,0.0007044313056821071,98.82373,0.0055182376
0,366,1.0,0.0,874,874,0.01340365987095647,947.11346,0.005553246
0,367,1.0,0.0,771,771,0.004339234127998207,243.89374,0.0062850784
0,368,1.0,0.0,704,704,0.0054255682570069205,311.41342,0.006391957
0,369,1.0,0.0,763,763,0.009114959753139145,21.611767,0.0062878523
0,370,0.0,1.0,3,,0.055804439276484485,355.84387,0.23990497
0,371,1.0,0.0,1019,1019.0,0.0184369313643471,1656.3724,0.005913615
0,372,1.0,0.0,847,847.0,0.015430154188880123,49.17114,0.0053784037
0,373,0.0,1.0,7,,0.07586917632691444,705.02344,0.2791494
0,374,1.0,0.0,983,983.0,0.021415230968582184,1200.4708,0.005400605
0,375,1.0,0.0,795,795.0,0.008402490471437471,1244.8367,0.0055108974
0,376,0.0,1.0,100,,0.0578210389185787,1507.8951,0.23847291
0,377,0.0,1.0,18,,0.05551444639139166,798.75757,0.24286602
0,378,1.0,0.0,852,852.0,0.008556011526105444,1093.5146,0.0063253636
0,379,1.0,0.0,919,919.0,0.01434481502524843,1271.1925,0.0056689265
0,380,1.0,0.0,737,737.0,0.006587282482743038,137.16441,0.006132513
0,381,1.0,0.0,698,698.0,0.005482056459920309,43.462875,0.005409072
0,382,1.0,0.0,781,781.0,0.008957572580468524,1799.6575,0.0059753694
0,383,1.0,0.0,884,884.0,0.00643801375400451,1655.2905,0.0056889053
0,384,0.0,1.0,96,,0.06839546362595429,1021.42456,0.26885757
0,385,1.0,0.0,842,842.0,0.00969249520389246,1922.7145,0.0059046107
0,386,1.0,0.0,836,836.0,0.011493979710865722,84.627144,0.005474161
0,387,1.0,0.0,907,907.0,0.012800442853694506,412.92987,0.0062933825
0,388,1.0,0.0,879,879.0,0.014502259893892923,572.3706,0.005514716
0,389,0.0,1.0,1,,0.06693838784246342,82.55077,0.25872707
0,390,1.0,0.0,810,810.0,0.009202813036246593,783.25616,0.0054165977
0,391,0.0,1.0,1,,0.05502255899920727,58.796806,0.23567978
0,392,1.0,0.0,738,738.0,0.00382557835615238,543.6609,0.005622598
0,393,0.0,1.0,1,,0.0597126980164866,107.92531,0.24580702
0,394,0.0,1.0,221,,0.05815354671160439,2490.6765,0.2754874
0,395,0.0,1.0,216,,0.06434011421903338,2196.154,0.28830978
0,396,1.0,0.0,891,891.0,0.015699433144405337,170.22067,0.006157638
0,397,1.0,0.0,731,731.0,0.006716752856693057,1318.751,0.005525878
0,398,1.0,0.0,656,656.0,0.0026990618102027846,18.273,0.0060110553
0,399,0.0,1.0,71,,0.05487939240620997,1431.7809,0.23695019
0,400,1.0,0.0,718,718,0.004211184639898353,627.08923,0.0055707432
0,401,1.0,0.0,666,666,0.002937541704924892,117.80037,0.005858603
0,402,1.0,0.0,704,704,0.005682920118573963,355.12442,0.0057193423
0,403,1.0,0.0,847,847,0.008763018260245918,648.13043,0.005666866
0,404,1.0,0.0,926,926,0.008141986497625521,2188.3066,0.005729679
0,405,0.0,1.0,69,,0.09173701009592435,1609.6256,0.30791134
0,406,1.0,0.0,828,828.0,0.011581866107593711,161.66273,0.0054767197
0,407,1.0,0.0,841,841.0,0.012654479423767214,424.19037,0.0061531025
0,408,1.0,0.0,916,916.0,0.019629615253023494,188.35324,0.0053823395
0,409,1.0,0.0,747,747.0,0.007295886696722757,31.885675,0.0061783465
0,410,1.0,0.0,632,632,0.0031459198539337866,16.239773,0.006275561
0,411,1.0,0.0,893,893,0.0057509232940386,1596.1403,0.0063447924
0,412,1.0,0.0,907,907,0.01519987407398451,304.71225,0.005368304
0,413,1.0,0.0,715,715,0.004058093620032444,70.56163,0.0056040897
0,414,1.0,0.0,1056,1056,0.017531755238232555,2004.932,0.0063518137
0,415,1.0,0.0,670,670,0.003915071898126211,182.45079,0.005429494
0,416,1.0,0.0,877,877,0.017233569341128484,363.0169,0.0059352797
0,417,1.0,0.0,873,873,0.009852511482936461,522.906,0.0056273364
0,418,1.0,0.0,1008,1008,0.013169280796566261,1702.6272,0.006387344
0,419,1.0,0.0,673,673,0.0030428826120132858,25.025803,0.0056613223
0,420,0.0,1.0,60,,0.08297765485275803,901.24414,0.27914944
0,421,1.0,0.0,1049,1049.0,0.019796607841524604,1716.757,0.0056704436
0,422,0.0,1.0,1,,0.10961125603267874,101.35783,0.33088723
0,423,1.0,0.0,927,927.0,0.012975697698068582,1104.3875,0.0063452735
0,424,1.0,0.0,939,939.0,0.01868869260843255,422.1324,0.005540598
0,425,1.0,0.0,627,627.0,0.0010149376247220161,307.21597,0.006110024
0,426,0.0,1.0,16,,0.08964956921890199,1789.199,0.31045142
0,427,1.0,0.0,941,941.0,0.01997212880753049,807.484,0.0055366075
0,428,1.0,0.0,853,853.0,0.005509438285470782,1612.4655,0.006403431
0,429,1.0,0.0,860,860.0,0.007768499737710642,1645.3293,0.0059295087
0,430,0.0,1.0,121,,0.0795415237822833,417.7805,0.28407392
0,431,1.0,0.0,580,580.0,0.0021191064188999013,302.4151,0.0054666405
0,432,1.0,0.0,829,829.0,0.012243124096782005,264.15158,0.0059587266
0,433,1.0,0.0,928,928.0,0.015185506015755364,920.1045,0.005402655
0,434,0.0,1.0,125,,0.04429356973713215,1099.7797,0.2302638
0,435,0.0,1.0,291,,0.0826616476776973,1623.3772,0.28747815
0,436,1.0,0.0,620,620.0,0.0010150368905902589,147.22983,0.0058201794
0,437,1.0,0.0,839,839.0,0.009069424464269917,1319.2926,0.005491491
0,438,1.0,0.0,963,963.0,0.020412808809457342,1267.0879,0.0053995918
0,439,1.0,0.0,910,910.0,0.01756588565696347,429.72937,0.006364803
0,440,1.0,0.0,683,683,0.0036518324742392844,349.5597,0.00551314
0,441,1.0,0.0,811,811,0.005713087813130969,351.5358,0.005442166
0,442,1.0,0.0,596,596,0.0008646620373946891,1224.3737,0.0059953793
0,443,1.0,0.0,873,873,0.016573483544510242,364.72278,0.0059999097
0,444,1.0,0.0,667,667,0.004014046530302929,974.6518,0.0056378865
0,445,0.0,1.0,80,,0.07025184874914124,628.20514,0.27499396
0,446,1.0,0.0,1154,1154.0,0.015004172101579802,3269.6514,0.0059167533
0,447,1.0,0.0,1019,1019.0,0.015804728959657698,1597.6665,0.0058846604
0,448,1.0,0.0,678,678.0,0.0040259972019199095,3.920111,0.0061309226
0,449,1.0,0.0,906,906.0,0.018790254422782395,166.22507,0.006054177
0,450,1.0,0.0,993,993.0,0.016186450657607498,1647.2513,0.005801299
0,451,1.0,0.0,727,727.0,0.00442274057854199,327.82355,0.006395764
0,452,1.0,0.0,716,716.0,0.005607389239998139,645.95215,0.005527124
0,453,0.0,1.0,1,,0.06621716463293126,47.87204,0.2574827
0,454,1.0,0.0,736,736.0,0.007294796878712943,158.99583,0.0061420277
0,455,0.0,1.0,92,,0.059197177233180624,347.10062,0.23756826
0,456,1.0,0.0,748,748.0,0.006644683533991612,404.22873,0.0055661965
0,457,0.0,1.0,217,,0.05122838380113615,845.36035,0.27194613
0,458,1.0,0.0,817,817.0,0.012768306515413747,26.438662,0.005393465
0,459,0.0,1.0,292,,0.0765352261689521,1952.7249,0.30719683
0,460,0.0,1.0,186,,0.053305895172049075,2116.913,0.27736393
0,461,1.0,0.0,639,639.0,0.0010299204632229747,1422.6647,0.006417777
0,462,0.0,1.0,128,,0.07803379412137573,533.8235,0.29076636
0,463,0.0,1.0,101,,0.05394745340699801,982.15784,0.25235525
0,464,1.0,0.0,876,876.0,0.01335802120545607,265.5322,0.00552811
0,465,1.0,0.0,1030,1030.0,0.017685756373044047,1703.8344,0.005511404
0,466,1.0,0.0,848,848.0,0.00869249851883242,341.0888,0.006370893
0,467,1.0,0.0,745,745.0,0.0035750217963997077,465.6742,0.0055186385
0,468,0.0,1.0,1,,0.05862645169241265,53.789223,0.2399935
0,469,0.0,1.0,215,,0.04811798892537151,2311.4438,0.27587736
0,470,1.0,0.0,753,753.0,0.005642003695263093,662.2959,0.0055151917
0,471,0.0,1.0,48,,0.09843545185547659,369.31207,0.31379095
0,472,0.0,1.0,1,,0.05512843505928644,69.81697,0.23540929
0,473,1.0,0.0,396,396.0,0.0005367679352725691,121.40995,0.0050212755
0,474,1.0,0.0,827,827.0,0.011467359770936105,167.4208,0.0055145146
0,475,0.0,1.0,180,,0.041695866842935005,1644.0748,0.24204323
0,476,1.0,0.0,826,826.0,0.008740222376816941,525.894,0.005574165
0,477,1.0,0.0,814,814.0,0.004798009412037845,1484.6713,0.005621326
0,478,1.0,0.0,489,489.0,0.0005491829469642083,17.453512,0.006036641
0,479,0.0,1.0,174,,0.043446539410905614,1880.4525,0.2627307
0,480,0.0,1.0,143,,0.06060546650806285,629.3085,0.2663681
0,481,1.0,0.0,833,833.0,0.007112640317337063,812.0836,0.005925233
0,482,0.0,1.0,95,,0.05256060981908311,1195.8307,0.23668839
0,483,1.0,0.0,1044,1044.0,0.01654376476647576,2377.672,0.0055663055
0,484,1.0,0.0,820,820.0,0.013172122641820303,42.818985,0.0060809064
0,485,1.0,0.0,794,794,0.010146784049136671,18.128822,0.0055327048
0,486,1.0,0.0,785,785,0.01085282273997957,181.26022,0.0057672267
0,487,1.0,0.0,540,540,0.0018305352251486364,94.693344,0.006519627
0,488,1.0,0.0,856,856,0.01780309529951501,82.68095,0.0063235206
0,489,1.0,0.0,1018,1018,0.020290472611591098,1659.3325,0.0058779423
0,490,1.0,0.0,711,711.0,0.00472888739304451,561.2252,0.0054389318
0,491,0.0,1.0,1,,0.05768235277509448,39.560173,0.23899733
0,492,1.0,0.0,958,958.0,0.012506425880212807,1636.9581,0.0056067896
0,493,0.0,1.0,133,,0.045976703796727435,1374.5961,0.23292749
0,494,1.0,0.0,787,787.0,0.009094996006618766,678.7327,0.0063778586
0,495,1.0,0.0,761,761.0,0.00833195799737877,132.93723,0.0054512797
0,496,0.0,1.0,191,,0.0525048725767974,1329.8132,0.24156798
0,497,1.0,0.0,646,646.0,0.0012914749954321162,253.0451,0.0059248484
0,498,1.0,0.0,864,864.0,0.010521472521765956,767.2342,0.005491479
0,499,0.0,1.0,1,,0.0736991703295331,99.41017,0.27194008
0,500,1.0,0.0,722,722,0.005032868652242428,2281.5479,0.006194444
0,501,1.0,0.0,845,845,0.01160787754039812,500.8928,0.006119748
0,502,1.0,0.0,846,846,0.012594433142200769,120.09271,0.0056084804
0,503,1.0,0.0,791,791,0.007356930258345737,941.3379,0.0054154
0,504,1.0,0.0,918,918,0.01695964170709044,768.1412,0.005829597
0,505,0.0,1.0,9,,0.06142948795586448,1169.3771,0.25813648
0,506,1.0,0.0,797,797.0,0.008921077562164419,110.49877,0.005565686
0,507,1.0,0.0,779,779.0,0.008194841408461079,1319.8524,0.0057696
0,508,1.0,0.0,900,900.0,0.010712412385408274,1470.3518,0.0054204497
0,509,1.0,0.0,835,835.0,0.007743367640363697,965.0535,0.0055706995
0,510,1.0,0.0,949,949.0,0.01958698964296311,1164.5034,0.0058831926
0,511,0.0,1.0,1,,0.06535132205994021,10.664606,0.25517243
0,512,1.0,0.0,799,799.0,0.007196775104068894,133.41173,0.0063926517
0,513,1.0,0.0,832,832.0,0.010122006034611854,624.78516,0.0053872145
0,514,1.0,0.0,970,970.0,0.014866653645567702,1545.4028,0.0057320897
0,515,0.0,1.0,65,,0.07828264503382831,1606.228,0.291984
0,516,1.0,0.0,699,699.0,0.005377015486688223,69.306046,0.005625305
0,517,0.0,1.0,161,,0.05617967947549551,1440.1967,0.2582268
0,518,1.0,0.0,833,833.0,0.009651486027621146,376.19824,0.0058041536
0,519,0.0,1.0,1,,0.05619291294736062,19.32594,0.23721063
0,520,1.0,0.0,681,681.0,0.0035596828557941727,895.1134,0.00553982
0,521,1.0,0.0,749,749.0,0.007667730847500397,592.2621,0.0054190336
0,522,0.0,1.0,1,,0.10095196127085959,19.646374,0.31544387
0,523,1.0,0.0,661,661.0,0.0013099338979905757,1523.6943,0.006046524
0,524,1.0,0.0,791,791.0,0.005123205993894279,1287.7648,0.0055171484
0,525,1.0,0.0,712,712.0,0.002906462075488941,137.17397,0.0054075513
0,526,0.0,1.0,10,,0.0496031548033292,1023.07025,0.23013881
0,527,1.0,0.0,695,695.0,0.003714245785473205,56.937992,0.0054046377
0,528,0.0,1.0,1,,0.08262230297859574,91.90185,0.2888447
0,529,0.0,1.0,29,,0.053562325871960983,1227.0591,0.23958433
0,530,1.0,0.0,823,823.0,0.010050493440208972,235.60529,0.005543164
0,531,0.0,1.0,4,,0.05292677067074619,503.04285,0.23281789
0,532,1.0,0.0,882,882.0,0.006043684613991558,1835.0605,0.0062556746
0,533,1.0,0.0,912,912.0,0.012048987714680642,1305.0535,0.0054901647
0,534,1.0,0.0,695,695.0,0.0020050894370015632,2249.699,0.0062324177
0,535,1.0,0.0,746,746,0.006463011673796511,21.800041,0.0054939752
0,536,1.0,0.0,683,683,0.0027680024720263385,189.62509,0.0064136675
0,537,1.0,0.0,900,900,0.014190475153969952,449.11246,0.006360758
0,538,1.0,0.0,847,847,0.00911603765509278,1367.7527,0.0059490902
0,539,1.0,0.0,951,951,0.02205219352167605,258.38226,0.00554607
0,540,0.0,1.0,188,,0.08180497679431996,900.51575,0.30105138
0,541,0.0,1.0,132,,0.04946405364705094,2001.996,0.25074652
0,542,0.0,1.0,2,,0.07713874853067981,138.45764,0.27830622
0,543,0.0,1.0,229,,0.045987865943890226,1297.5491,0.23407282
0,544,0.0,1.0,220,,0.0447226049285642,1900.3553,0.2555732
0,545,1.0,0.0,694,694.0,0.0020734286837903906,641.79486,0.0054010632
0,546,1.0,0.0,823,823.0,0.01245452054474495,248.2719,0.0063719135
0,547,0.0,1.0,1,,0.09747588030000998,0.10625293,0.31112108
0,548,1.0,0.0,882,882.0,0.014802715917497667,678.9888,0.0058460305
0,549,1.0,0.0,1067,1067.0,0.01716272601645004,1727.4615,0.00552139
0,550,1.0,0.0,782,782,0.010156150537152022,405.05847,0.005689516
0,551,1.0,0.0,966,966,0.01672980443281008,589.0295,0.0054014684
0,552,1.0,0.0,803,803,0.008037999581703056,90.413994,0.00546484
0,553,1.0,0.0,978,978,0.01811564920783407,1421.78,0.0063513513
0,554,1.0,0.0,721,721,0.004149680876503706,56.52858,0.0056604436
0,555,1.0,0.0,827,827.0,0.007364878134231055,952.47156,0.0055052307
0,556,1.0,0.0,752,752.0,0.008844316472472698,178.01628,0.005811108
0,557,0.0,1.0,59,,0.0713083053777717,2088.3765,0.27995577
0,558,1.0,0.0,721,721.0,0.0027103283155886916,1302.3206,0.0054403325
0,559,1.0,0.0,1064,1064.0,0.014942825391780157,2028.3312,0.0059639215
0,560,0.0,1.0,1,,0.08684926495249456,35.087723,0.2939709
0,561,0.0,1.0,165,,0.05722137986288656,1466.8076,0.24783482
0,562,1.0,0.0,927,927.0,0.01525629843361603,603.3354,0.005391264
0,563,0.0,1.0,7,,0.0726440210855847,820.65704,0.27712753
0,564,0.0,1.0,1,,0.057989265631759546,152.10281,0.24304056
0,565,1.0,0.0,813,813.0,0.009251804504353997,1051.9607,0.006141664
0,566,1.0,0.0,679,679.0,0.0024643455445870557,732.5046,0.005554826
0,567,1.0,0.0,835,835.0,0.00966667662909456,136.80476,0.006273379
0,568,1.0,0.0,878,878.0,0.010954059420316084,478.04086,0.005922963
0,569,0.0,1.0,1,,0.05787853922146291,7.7491174,0.24030478
0,570,0.0,1.0,10,,0.060418142476894234,1076.1398,0.25501832
0,571,0.0,1.0,221,,0.05617800906725156,1401.2775,0.23905198
0,572,0.0,1.0,1,,0.08020519162963424,109.07257,0.28490034
0,573,1.0,0.0,888,888.0,0.013098867108807467,327.4716,0.005457543
0,574,0.0,1.0,11,,0.08771372158997082,1641.2072,0.30521026
0,575,1.0,0.0,889,889.0,0.0082756615321943,1842.6869,0.005474369
0,576,1.0,0.0,1100,1100.0,0.026285305407739396,2026.0911,0.0053895977
0,577,0.0,1.0,1,,0.05284583070118831,64.9437,0.23075621
0,578,1.0,0.0,741,741.0,0.0042574627450968515,201.15579,0.005420134
0,579,0.0,1.0,4,,0.10147953714193236,201.00917,0.31754357
0,580,1.0,0.0,845,845.0,0.012641614760095662,378.4474,0.0063518872
0,581,0.0,1.0,219,,0.06412877321341995,1327.3723,0.2608134
0,582,1.0,0.0,777,777.0,0.00478206853345164,499.4168,0.005518855
0,583,0.0,1.0,148,,0.07390634693361045,1933.7483,0.2900791
0,584,0.0,1.0,1,,0.08929126630215478,27.19204,0.2992926
0,585,0.0,1.0,1,,0.05624742289933593,101.65066,0.23894322
0,586,0.0,1.0,2,,0.05690193412406608,42.065994,0.23908983
0,587,1.0,0.0,746,746.0,0.005978801595937379,35.06085,0.006328205
0,588,1.0,0.0,1042,1042.0,0.017676790690952432,1654.5598,0.005913768
0,589,1.0,0.0,816,816.0,0.012212148038629592,24.979763,0.006284401
0,590,1.0,0.0,884,884.0,0.007228886409030503,1693.0936,0.0062704436
0,591,1.0,0.0,809,809.0,0.009499135150722326,75.98106,0.005571002
0,592,1.0,0.0,752,752.0,0.0034374800173135145,250.97278,0.005435476
0,593,1.0,0.0,915,915.0,0.008690760886691561,1483.1008,0.005493418
0,594,0.0,1.0,64,,0.05390109918507703,247.7622,0.231954
0,595,0.0,1.0,139,,0.06627711679411731,2679.0398,0.27144217
0,596,1.0,0.0,776,776.0,0.010389598073965781,87.043785,0.0061350223
0,597,1.0,0.0,776,776.0,0.004312041666973263,580.365,0.006302234
0,598,1.0,0.0,806,806.0,0.013688002346931797,44.19579,0.005575077
0,599,1.0,0.0,1002,1002.0,0.01544413062336715,1608.9464,0.00581374
0,600,0.0,1.0,276,,0.059706570160359455,2262.5654,0.29754224
0,601,1.0,0.0,873,873.0,0.011161938149319163,286.57205,0.0054342444
0,602,0.0,1.0,25,,0.05756024573106461,374.59338,0.24127413
0,603,1.0,0.0,748,748.0,0.003589394551622153,206.99486,0.005472894
0,604,1.0,0.0,982,982.0,0.014091201450782803,1723.475,0.0059300596
0,605,1.0,0.0,949,949,0.018558435584061058,944.8747,0.0053786593
0,606,1.0,0.0,826,826,0.01635656724276188,25.810318,0.006154378
0,607,1.0,0.0,899,899,0.014544734750260602,228.58255,0.00636849
0,608,1.0,0.0,877,877,0.01636731573628972,282.1767,0.005518268
0,609,1.0,0.0,739,739,0.005640916602995877,210.81892,0.0053873803
0,610,0.0,1.0,195,,0.03909340381821076,1242.3708,0.23079385
0,611,0.0,1.0,1,,0.09830012529605003,74.525764,0.3130527
0,612,0.0,1.0,153,,0.04355647083456278,937.3854,0.2531347
0,613,0.0,1.0,1,,0.06137873305915442,70.53102,0.2489988
0,614,1.0,0.0,948,948.0,0.015108260837608982,1299.4534,0.0054564043
0,615,1.0,0.0,852,852.0,0.014486081646742538,66.495094,0.0055288128
0,616,1.0,0.0,1188,1188.0,0.010504961737949911,2216.907,0.0057539064
0,617,0.0,1.0,162,,0.07192801767913935,1672.3463,0.30361626
0,618,1.0,0.0,782,782.0,0.008867926224340105,627.6784,0.0059994045
0,619,1.0,0.0,435,435.0,0.0006660995246086425,628.3619,0.0076995655
0,620,0.0,1.0,179,,0.048502966359666146,1384.7482,0.23017816
0,621,0.0,1.0,175,,0.051315406005404705,1802.2377,0.27411315
0,622,1.0,0.0,667,667.0,0.003552767763297988,426.78473,0.0054553417
0,623,0.0,1.0,147,,0.08053580039535164,1510.9667,0.31095195
0,624,1.0,0.0,963,963.0,0.014634910016055077,1773.7781,0.005505543
0,625,1.0,0.0,885,885.0,0.014964829655196878,205.19714,0.0057380325
0,626,0.0,1.0,1,,0.07487265555730094,28.737654,0.2731875
0,627,1.0,0.0,756,756.0,0.003427914636064194,274.59158,0.006227216
0,628,1.0,0.0,572,572.0,0.002322215915539571,77.78526,0.0056196814
0,629,1.0,0.0,451,451.0,0.001008779805611484,39.867302,0.0062550223
0,630,1.0,0.0,890,890,0.006105885784369049,1610.9916,0.0057823714
0,631,1.0,0.0,661,661,0.002423704860916229,239.36028,0.0056346892
0,632,1.0,0.0,725,725,0.00384529660351001,1949.6368,0.0064053982
0,633,1.0,0.0,805,805,0.011021201065769029,61.692764,0.005920712
0,634,1.0,0.0,748,748,0.0057426493022358464,484.04385,0.005417008
0,635,1.0,0.0,811,811.0,0.0028300857149255727,1872.282,0.005543769
0,636,1.0,0.0,827,827.0,0.007115415701532849,417.50424,0.0058759497
0,637,1.0,0.0,729,729.0,0.004619383693198348,451.07693,0.0055022794
0,638,0.0,1.0,140,,0.041568082442828565,891.32385,0.2304852
0,639,1.0,0.0,709,709.0,0.0039470284238232786,1397.317,0.006351173
0,640,1.0,0.0,933,933.0,0.016780610450038185,1024.7096,0.006126496
0,641,1.0,0.0,818,818.0,0.010642335065940634,92.590225,0.006163718
0,642,0.0,1.0,1,,0.056693437086893006,56.860397,0.23825626
0,643,1.0,0.0,871,871.0,0.014993827337106658,387.28625,0.0053956006
0,644,1.0,0.0,645,645.0,0.0015877119519431564,1539.8812,0.006370139
0,645,1.0,0.0,724,724.0,0.004516602600008713,2282.617,0.0054562897
0,646,1.0,0.0,915,915.0,0.012020428361921812,1668.5204,0.0063985926
0,647,1.0,0.0,699,699.0,0.0016097558776518653,1796.1664,0.0061051594
0,648,0.0,1.0,180,,0.06830001203701766,1433.1239,0.26937348
0,649,0.0,1.0,12,,0.09507520589236147,1231.287,0.31535092
0,650,1.0,0.0,813,813.0,0.0057659198737254605,895.88873,0.00568824
0,651,1.0,0.0,789,789.0,0.00645699321506357,140.48221,0.0061066486
0,652,1.0,0.0,743,743.0,0.00781090301722135,62.667572,0.0054397513
0,653,0.0,1.0,1,,0.05595599570323295,34.304962,0.23709106
0,654,0.0,1.0,61,,0.05332153150236379,1236.1093,0.23915966
0,655,1.0,0.0,722,722,0.0038742301644355513,439.48077,0.0062803626
0,656,1.0,0.0,657,657,0.0036202419263177375,61.30967,0.005649421
0,657,1.0,0.0,756,756,0.0021456043328614252,1892.5662,0.0063421456
0,658,1.0,0.0,699,699,0.003356529606895325,424.9176,0.006368399
0,659,1.0,0.0,827,827,0.011752751606467299,73.62195,0.006342822
0,660,1.0,0.0,932,932.0,0.010943161561832003,1993.1691,0.0056014983
0,661,1.0,0.0,883,883.0,0.015682597545843214,143.60924,0.005578157
0,662,1.0,0.0,793,793.0,0.007926212130067648,83.84268,0.0060933684
0,663,1.0,0.0,993,993.0,0.021302018888974112,1206.2122,0.0060247798
0,664,0.0,1.0,24,,0.08666970606771496,2210.4797,0.30507886
0,665,1.0,0.0,888,888,0.010685686432281717,423.03387,0.006199072
0,666,1.0,0.0,802,802,0.006801789849354996,176.59651,0.005511952
0,667,1.0,0.0,955,955,0.01655908436474604,897.1405,0.005367647
0,668,1.0,0.0,677,677,0.003186785953495616,644.9674,0.0063283592
0,669,1.0,0.0,813,813,0.011750912803644237,440.31635,0.005442009
0,670,1.0,0.0,776,776.0,0.010266248145292685,40.86176,0.005561649
0,671,1.0,0.0,848,848.0,0.01287400197325467,278.78763,0.0063959225
0,672,0.0,1.0,6,,0.06899713760866148,603.74207,0.26699132
0,673,0.0,1.0,1,,0.06225406777429776,13.223509,0.24879374
0,674,1.0,0.0,735,735.0,0.004421841428429656,133.9632,0.0054973587
0,675,1.0,0.0,750,750.0,0.007569176712564232,23.779802,0.0063909926
0,676,1.0,0.0,695,695.0,0.005428846948508443,7.944143,0.005545982
0,677,0.0,1.0,159,,0.08168338681537263,1270.2653,0.3113048
0,678,1.0,0.0,789,789.0,0.010390502431238933,244.0169,0.0059965337
0,679,1.0,0.0,865,865.0,0.013113661677806615,418.6121,0.0058415593
0,680,0.0,1.0,3,,0.058483372978493264,136.65533,0.2432232
0,681,1.0,0.0,767,767.0,0.008773986826506056,565.6516,0.005596659
0,682,1.0,0.0,1078,1078.0,0.019898661107798497,1743.7404,0.0059963
0,683,0.0,1.0,157,,0.06309389330040467,1306.6422,0.2508803
0,684,0.0,1.0,97,,0.06784866888758985,701.24133,0.25832924
0,685,1.0,0.0,890,890.0,0.00797554131203657,1532.2318,0.0063770562
0,686,1.0,0.0,1073,1073.0,0.009327319155854833,1702.7817,0.006421515
0,687,0.0,1.0,1,,0.09288409456429747,40.915478,0.30243605
0,688,0.0,1.0,174,,0.06906541025362158,1360.9473,0.25897545
0,689,1.0,0.0,818,818.0,0.009840892814621655,199.69948,0.00544913
0,690,0.0,1.0,1,,0.08147010582583025,68.48966,0.28593335
0,691,0.0,1.0,71,,0.09315261907378658,1949.8741,0.3158128
0,692,1.0,0.0,904,904.0,0.012070213732953108,777.4612,0.0062072133
0,693,1.0,0.0,808,808.0,0.013879592758974607,315.46106,0.005935849
0,694,1.0,0.0,840,840.0,0.012834615092349936,69.11584,0.0063918773
0,695,1.0,0.0,775,775,0.008314231435110014,50.308018,0.0060004853
0,696,1.0,0.0,786,786,0.010453641281324323,75.60129,0.005416766
0,697,1.0,0.0,806,806,0.011657951073850164,56.232193,0.0053848163
0,698,1.0,0.0,818,818,0.00897840395318923,253.29411,0.005635836
0,699,1.0,0.0,772,772,0.007038682298612537,129.41287,0.0057404246
0,700,1.0,0.0,873,873.0,0.009386610063840322,1126.9357,0.0054165097
0,701,0.0,1.0,9,,0.08221121927972143,997.26935,0.28556105
0,702,0.0,1.0,1,,0.08987400533740786,133.83096,0.30181155
0,703,1.0,0.0,814,814.0,0.01225833346046461,101.88207,0.0058013536
0,704,1.0,0.0,786,786.0,0.007971134945521317,61.983227,0.0062498045
0,705,1.0,0.0,749,749.0,0.003427497663137428,2345.392,0.0054229656
0,706,1.0,0.0,900,900.0,0.018667484771281675,144.86913,0.005378833
0,707,1.0,0.0,918,918.0,0.013619575997953782,922.814,0.0062227435
0,708,1.0,0.0,783,783.0,0.009468981826503626,130.13567,0.0063328953
0,709,0.0,1.0,145,,0.08403318838701382,1439.1278,0.27987388
0,710,1.0,0.0,688,688.0,0.0031832957509924324,206.47357,0.0058818934
0,711,1.0,0.0,524,524.0,0.0017971204352980393,141.3661,0.0057712807
0,712,1.0,0.0,897,897.0,0.009797318307215775,1043.744,0.0056049223
0,713,0.0,1.0,278,,0.03304240313061959,4297.91,0.23125009
0,714,1.0,0.0,932,932.0,0.015309281282508623,1275.4657,0.005622712
0,715,1.0,0.0,816,816.0,0.011190745410199683,638.26086,0.005571048
0,716,1.0,0.0,785,785.0,0.010187898339467257,108.15465,0.006192783
0,717,0.0,1.0,138,,0.0456590110942182,581.258,0.24555418
0,718,1.0,0.0,804,804.0,0.009619335456351193,326.01068,0.0054194015
0,719,0.0,1.0,107,,0.07654465904441503,2272.977,0.29440045
0,720,0.0,1.0,24,,0.05832148805557038,1192.2529,0.24783924
0,721,0.0,1.0,126,,0.06683976897772824,1118.8751,0.26062134
0,722,1.0,0.0,803,803.0,0.0130053378420903,95.09591,0.0061518587
0,723,0.0,1.0,1,,0.053234598777635256,54.525787,0.2303375
0,724,0.0,1.0,190,,0.06742023294938872,1374.3264,0.30759746
0,725,1.0,0.0,686,686.0,0.005214843926481331,64.421555,0.0055229
0,726,1.0,0.0,804,804.0,0.005615609440715645,1519.3951,0.0064094733
0,727,0.0,1.0,127,,0.0439826000703116,1211.3809,0.23454493
0,728,1.0,0.0,778,778.0,0.005569712605339451,249.68987,0.005867525
0,729,1.0,0.0,724,724.0,0.0029028714900900194,1184.9163,0.0055810944
0,730,0.0,1.0,1,,0.0692884461225276,39.630814,0.26377872
0,731,0.0,1.0,1,,0.06459891994357125,13.368862,0.25416157
0,732,0.0,1.0,29,,0.06691616303752097,1180.3535,0.26372108
0,733,0.0,1.0,1,,0.061859617386236465,100.56409,0.2504409
0,734,1.0,0.0,866,866.0,0.008476803808806069,979.7549,0.0055234777
0,735,0.0,1.0,174,,0.039481067467024726,1385.9739,0.2387944
0,736,1.0,0.0,694,694.0,0.0017720971464741967,1652.275,0.005465638
0,737,0.0,1.0,140,,0.07472562040741876,725.8359,0.29216814
0,738,0.0,1.0,1,,0.05557983523238641,71.51264,0.23726591
0,739,1.0,0.0,487,487.0,0.0014442455744663814,475.06915,0.005707668
0,740,1.0,0.0,690,690.0,0.002403053072339433,1543.2439,0.006264601
0,741,0.0,1.0,1,,0.09533173600301836,111.17135,0.31008458
0,742,1.0,0.0,1108,1108.0,0.012560194985401875,1704.1488,0.0057589035
0,743,1.0,0.0,901,901.0,0.02110105567353417,100.2138,0.0062385807
0,744,1.0,0.0,722,722.0,0.001986878432052839,1766.2264,0.005878694
0,745,0.0,1.0,1,,0.056531748464156095,2.7946796,0.23690745
0,746,1.0,0.0,918,918.0,0.016088458555546793,332.59265,0.0056160917
0,747,1.0,0.0,900,900.0,0.013240762673878134,650.98285,0.0053941193
0,748,1.0,0.0,811,811.0,0.010206492685450366,80.852,0.0059966277
0,749,1.0,0.0,962,962.0,0.011536639094861344,1007.00916,0.0055859387
0,750,0.0,1.0,12,,0.07444792420301205,1258.58,0.27551207
0,751,1.0,0.0,840,840.0,0.012025690758884896,107.80838,0.005396247
0,752,1.0,0.0,743,743.0,0.006243563968232016,1305.912,0.0055884058
0,753,1.0,0.0,857,857.0,0.010888831053096388,278.06128,0.006194291
0,754,0.0,1.0,15,,0.05060800209338604,1566.1582,0.23370206
0,755,0.0,1.0,129,,0.07949582085480994,1820.7852,0.29769784
0,756,1.0,0.0,764,764.0,0.004163979319587979,227.70097,0.006422423
0,757,1.0,0.0,816,816.0,0.006577091293661546,231.16444,0.0055921595
0,758,1.0,0.0,811,811.0,0.006603784153974074,450.43762,0.0062819836
0,759,0.0,1.0,1,,0.06505749748371059,33.650223,0.25442
0,760,1.0,0.0,902,902.0,0.013765048204172858,1387.1584,0.005747151
0,761,1.0,0.0,884,884.0,0.014960492625973421,797.3635,0.006038365
0,762,1.0,0.0,792,792.0,0.011615586878698559,172.454,0.0063491305
0,763,1.0,0.0,733,733.0,0.006229318345154762,222.52058,0.00553435
0,764,0.0,1.0,1,,0.06340049381965773,47.959015,0.25144026
0,765,1.0,0.0,728,728.0,0.0047219066294472275,684.32416,0.005750467
0,766,1.0,0.0,819,819.0,0.011477797453974379,276.69418,0.0055918624
0,767,0.0,1.0,1,,0.0551229422214341,57.655647,0.23323306
0,768,1.0,0.0,844,844.0,0.01261759830408567,102.077255,0.0063882577
0,769,0.0,1.0,71,,0.048428873640842154,1350.3678,0.23142588
0,770,1.0,0.0,759,759.0,0.007580416738302731,29.660538,0.005417268
0,771,1.0,0.0,763,763.0,0.0035732293270308666,605.3443,0.0055653206
0,772,0.0,1.0,1,,0.09508089679528897,100.00079,0.30929652
0,773,0.0,1.0,1,,0.05468350979626635,101.216545,0.23570845
0,774,1.0,0.0,865,865.0,0.014056092443406621,172.88278,0.0059058187
0,775,0.0,1.0,104,,0.09506180391001996,1807.4226,0.31239316
0,776,1.0,0.0,757,757.0,0.0049992434702278215,1096.9965,0.005719702
0,777,1.0,0.0,769,769.0,0.009335076390334766,1570.4662,0.005771124
0,778,1.0,0.0,762,762.0,0.004117510242929092,200.65456,0.005459683
0,779,1.0,0.0,832,832.0,0.007522319999314343,1079.272,0.005500626
0,780,1.0,0.0,1006,1006.0,0.019574530504139993,1427.034,0.005519531
0,781,1.0,0.0,753,753.0,0.005876696574694224,55.511055,0.0054436806
0,782,0.0,1.0,1,,0.08988980211486197,8.793182,0.29798743
0,783,1.0,0.0,682,682.0,0.0030091627212252858,223.28383,0.006141895
0,784,0.0,1.0,1,,0.1064178005108829,25.923233,0.32654002
0,785,1.0,0.0,788,788.0,0.0062693300351402996,825.776,0.0060436465
0,786,0.0,1.0,20,,0.054366021566771915,357.0487,0.23634003
0,787,1.0,0.0,955,955.0,0.019520023012662847,1284.455,0.0061614807
0,788,1.0,0.0,840,840.0,0.006929068313652794,1456.7938,0.0054106372
0,789,0.0,1.0,1,,0.07771849522740926,56.608547,0.27970117
0,790,1.0,0.0,853,853.0,0.009753576923602866,223.97246,0.005623379
0,791,1.0,0.0,822,822.0,0.012446806579668929,136.6001,0.0057788114
0,792,1.0,0.0,814,814.0,0.009953362178280826,109.98187,0.005915252
0,793,1.0,0.0,397,397.0,0.0008842310782895658,558.7431,0.0046206927
0,794,0.0,1.0,1,,0.09746173778898992,11.19162,0.31198364
0,795,1.0,0.0,899,899,0.014809575537436956,318.38242,0.0055755656
0,796,1.0,0.0,874,874,0.011684170277087678,830.9052,0.0055116047
0,797,1.0,0.0,864,864,0.011943669707586367,208.0184,0.0055024303
0,798,1.0,0.0,744,744,0.005565423954124174,861.8672,0.0054983743
0,799,1.0,0.0,673,673,0.004181444194136421,109.230354,0.006287114
0,800,0.0,1.0,82,,0.0609238863512603,516.6768,0.25911826
0,801,1.0,0.0,839,839.0,0.010664568920811487,608.4305,0.005422612
0,802,1.0,0.0,844,844.0,0.011262436020417143,134.54294,0.0062761963
0,803,1.0,0.0,830,830.0,0.009825222770903894,247.94278,0.0055285715
0,804,0.0,1.0,61,,0.051846238761198704,1221.7239,0.23003413
0,805,0.0,1.0,1,,0.08838105900036286,64.02833,0.2977117
0,806,1.0,0.0,969,969.0,0.019190336387643347,1559.1665,0.0053981864
0,807,1.0,0.0,656,656.0,0.0019305816621253613,1689.6656,0.00619695
0,808,0.0,1.0,188,,0.061416057696359286,1241.7218,0.27353576
0,809,1.0,0.0,843,843.0,0.0107693558621328,1249.7189,0.0063393214
0,810,1.0,0.0,846,846.0,0.007314589601618755,464.79343,0.0063025816
0,811,0.0,1.0,1,,0.05641476380166299,77.10517,0.23892862
0,812,1.0,0.0,931,931.0,0.0219010055567621,380.1659,0.005412926
0,813,1.0,0.0,970,970.0,0.01671095169759829,1462.0215,0.006348721
0,814,1.0,0.0,833,833.0,0.01422470140123742,37.934628,0.005389351
0,815,1.0,0.0,755,755.0,0.003089067842417144,1878.4945,0.006238551
0,816,0.0,1.0,39,,0.061152103646307,1385.1713,0.255536
0,817,1.0,0.0,859,859.0,0.010849417637497064,567.2611,0.006002116
0,818,0.0,1.0,129,,0.06448883536708531,659.1011,0.26767796
0,819,0.0,1.0,122,,0.047722979416881764,1736.8505,0.241413
0,820,0.0,1.0,134,,0.052738869159190536,934.1233,0.23376597
0,821,1.0,0.0,893,893.0,0.011831472668569846,1431.7991,0.0054409388
0,822,1.0,0.0,874,874.0,0.014230606870511654,735.9926,0.005787393
0,823,1.0,0.0,1007,1007.0,0.01681009320081618,1501.8159,0.006332616
0,824,1.0,0.0,620,620.0,0.002909281455649423,668.4433,0.0063331653
0,825,0.0,1.0,1,,0.0566775359600078,67.45494,0.23948146
0,826,1.0,0.0,835,835.0,0.013290743975899424,98.008415,0.0058048093
0,827,0.0,1.0,51,,0.08250219480034708,1003.23645,0.29613513
0,828,1.0,0.0,667,667.0,0.004168009669692729,189.01816,0.0056239376
0,829,1.0,0.0,930,930.0,0.016044379943971468,721.9972,0.0061550178
0,830,1.0,0.0,804,804.0,0.005465983344748332,408.48785,0.0055731577
0,831,0.0,1.0,260,,0.05184993016792117,1618.1199,0.23385298
0,832,1.0,0.0,805,805.0,0.0062074501749174145,701.84357,0.005685501
0,833,1.0,0.0,568,568.0,0.0020569909897940166,34.482056,0.006333692
0,834,1.0,0.0,799,799.0,0.010090601557390744,464.71927,0.006393225
0,835,1.0,0.0,809,809.0,0.006322150208480083,255.394,0.0054182895
0,836,0.0,1.0,10,,0.08326859987995769,155.95497,0.28822222
0,837,1.0,0.0,910,910.0,0.0152946796904575,302.99124,0.0056045377
0,838,0.0,1.0,1,,0.09217240707484198,7.4617968,0.30217457
0,839,1.0,0.0,889,889.0,0.01626253112951698,315.9242,0.006116997
0,840,1.0,0.0,792,792,0.009026550095675644,70.22805,0.0057583293
0,841,1.0,0.0,968,968,0.015602769367447717,1463.8159,0.005458094
0,842,1.0,0.0,650,650,0.0031387110969030977,675.50903,0.0058451467
0,843,1.0,0.0,759,759,0.002648597291125657,1982.8602,0.006103169
0,844,1.0,0.0,794,794,0.008574577794139351,712.92957,0.0063830153
0,845,0.0,1.0,1,,0.07897114359671864,35.50196,0.27848887
0,846,0.0,1.0,5,,0.07440264464182925,597.8636,0.2781384
0,847,1.0,0.0,862,862.0,0.01621674174357616,213.63936,0.0058960174
0,848,1.0,0.0,741,741.0,0.007628883875158919,1179.5374,0.005825338
0,849,0.0,1.0,1,,0.06294490315794121,84.49809,0.25246954
0,850,1.0,0.0,773,773.0,0.007808188676475253,727.5536,0.006274731
0,851,0.0,1.0,89,,0.05741758527610891,657.8985,0.23602112
0,852,1.0,0.0,481,481.0,0.0012162619399370771,326.65097,0.006358378
0,853,0.0,1.0,226,,0.07037920538574069,1485.535,0.2750706
0,854,0.0,1.0,13,,0.09385640264919576,1178.2168,0.30925652
0,855,1.0,0.0,893,893.0,0.013056388817411455,278.91806,0.0054447586
0,856,0.0,1.0,179,,0.065765165389658,1293.6472,0.28444055
0,857,1.0,0.0,858,858.0,0.01074495202504015,1028.9978,0.005463774
0,858,1.0,0.0,874,874.0,0.010502658211787525,426.23706,0.006303639
0,859,0.0,1.0,12,,0.09225954746563618,2158.471,0.31517407
0,860,0.0,1.0,1,,0.06592066325823343,60.44567,0.25781918
0,861,1.0,0.0,925,925.0,0.00795900889752408,2007.522,0.0054213675
0,862,1.0,0.0,805,805.0,0.012309065294789685,797.93414,0.0054249405
0,863,1.0,0.0,790,790.0,0.009831760218617525,59.41475,0.0055203517
0,864,1.0,0.0,793,793.0,0.008883559616201717,380.96378,0.005534771
0,865,1.0,0.0,812,812.0,0.009631095337416701,228.92615,0.005646665
0,866,1.0,0.0,844,844.0,0.012100567695653801,1047.4479,0.005430736
0,867,0.0,1.0,1,,0.05753253996237917,56.94204,0.2402674
0,868,1.0,0.0,834,834.0,0.006056679879354832,1471.9148,0.005766191
0,869,1.0,0.0,775,775.0,0.010104590636041938,57.269936,0.006151127
0,870,1.0,0.0,864,864.0,0.01378489377825762,154.06065,0.0056866594
0,871,1.0,0.0,710,710.0,0.004913317159441112,35.639668,0.005420653
0,872,1.0,0.0,803,803.0,0.006475948815484611,427.4286,0.0064187194
0,873,1.0,0.0,738,738.0,0.006885110777423539,315.48526,0.006310974
0,874,0.0,1.0,81,,0.05167822400095442,2324.4822,0.24307902
0,875,1.0,0.0,664,664,0.0029558502382052835,273.40942,0.00636021
0,876,1.0,0.0,983,983,0.01825863621064072,1245.8135,0.0061878874
0,877,1.0,0.0,908,908,0.014084564064034443,1401.0352,0.0059195696
0,878,1.0,0.0,774,774,0.002666267937234943,2152.99,0.0055439146
0,879,1.0,0.0,1036,1036,0.017756940760063036,1691.7207,0.0063363505
0,880,1.0,0.0,478,478.0,0.0013834991834633422,145.17465,0.0056736437
0,881,1.0,0.0,1025,1025.0,0.01447447540232948,1709.6243,0.005449722
0,882,0.0,1.0,40,,0.06316622019507874,571.19257,0.25700927
0,883,1.0,0.0,694,694.0,0.001960731325727846,759.03076,0.0060353144
0,884,1.0,0.0,883,883.0,0.011193323398414194,452.6392,0.0063867103
0,885,1.0,0.0,1051,1051,0.020877960106535625,2479.8472,0.0054153083
0,886,1.0,0.0,886,886,0.011412779190238058,665.87854,0.0063864887
0,887,1.0,0.0,503,503,0.0010561263053264634,844.3505,0.005843975
0,888,1.0,0.0,944,944,0.011820217437115326,1859.6013,0.0064159655
0,889,1.0,0.0,523,523,0.0011221973443967645,146.52594,0.0055582826
0,890,0.0,1.0,66,,0.05160250297608018,293.3529,0.23168492
0,891,1.0,0.0,826,826.0,0.006913818782854971,532.33374,0.006419111
0,892,1.0,0.0,616,616.0,0.0010202238803319243,1194.9103,0.0053892755
0,893,0.0,1.0,1,,0.05313162972130048,100.121704,0.23238365
0,894,1.0,0.0,657,657.0,0.0014523490509390422,179.16045,0.0053963447
0,895,0.0,1.0,16,,0.05438180152494018,534.0403,0.23594053
0,896,1.0,0.0,645,645.0,0.00304056577451416,82.60385,0.005398016
0,897,0.0,1.0,1,,0.07545944373689739,64.84951,0.2758425
0,898,0.0,1.0,90,,0.07593084976437837,1462.6605,0.27043977
0,899,1.0,0.0,848,848.0,0.012185605037035915,342.49023,0.0056661316
0,900,1.0,0.0,776,776.0,0.0072612365688867605,384.67773,0.006044234
0,901,1.0,0.0,832,832.0,0.007335811652821332,1032.4008,0.005882483
0,902,1.0,0.0,844,844.0,0.008348747150150871,463.5845,0.005561593
0,903,0.0,1.0,13,,0.05019836090912628,1324.754,0.23411655
0,904,0.0,1.0,124,,0.07180015878966876,433.68826,0.24482302
0,905,0.0,1.0,4,,0.05462846520034298,431.67795,0.23785566
0,906,0.0,1.0,7,,0.061998645909991365,167.68173,0.2510554
0,907,1.0,0.0,540,540.0,0.0009604494437658379,105.69139,0.0063439584
0,908,1.0,0.0,709,709.0,0.005677661785775511,141.51106,0.006061604
0,909,1.0,0.0,874,874.0,0.014094540789857715,407.67294,0.005965868
0,910,1.0,0.0,644,644.0,0.0015167457081822246,112.88705,0.0061670295
0,911,1.0,0.0,874,874.0,0.011787988213936047,302.83377,0.0054236534
0,912,1.0,0.0,663,663.0,0.004328287671945315,229.52493,0.0055931257
0,913,1.0,0.0,586,586.0,0.0024583296111555077,35.235653,0.005430653
0,914,0.0,1.0,197,,0.07439937647621513,1445.2026,0.2697179
0,915,1.0,0.0,628,628,0.002705664411572759,110.05839,0.0054640174
0,916,1.0,0.0,881,881,0.014136863354027149,158.94157,0.006282102
0,917,1.0,0.0,927,927,0.01605889150797236,353.05322,0.006245059
0,918,1.0,0.0,886,886,0.011067045008949056,610.80444,0.0058953105
0,919,1.0,0.0,896,896,0.01657115479053132,217.0093,0.0063501736
0,920,0.0,1.0,196,,0.053913370824629235,1512.2402,0.2655986
0,921,1.0,0.0,950,950.0,0.011477676479137071,1464.227,0.005487457
0,922,1.0,0.0,885,885.0,0.014029599576475375,973.9969,0.0055647977
0,923,0.0,1.0,33,,0.07122104972038007,409.20132,0.26293242
0,924,1.0,0.0,511,511.0,0.0016072664161062204,353.111,0.00570631
0,925,1.0,0.0,641,641.0,0.0011492345935017877,1641.7799,0.0056088325
0,926,0.0,1.0,213,,0.05498556503075148,1624.0872,0.29433358
0,927,1.0,0.0,903,903.0,0.006236429217398813,1416.3629,0.0063799485
0,928,1.0,0.0,885,885.0,0.01799611259185999,156.14618,0.0060004275
0,929,1.0,0.0,980,980.0,0.013561426846450921,1818.1771,0.005501344
0,930,1.0,0.0,838,838.0,0.011840454828944504,834.95776,0.0059077353
0,931,0.0,1.0,104,,0.08245412075957571,1652.9999,0.29634574
0,932,1.0,0.0,1067,1067.0,0.024520720068725375,1662.2373,0.0056990595
0,933,1.0,0.0,707,707.0,0.0041450963368382734,51.059856,0.005693059
0,934,1.0,0.0,655,655.0,0.002435060342540738,368.5296,0.0058566877
0,935,1.0,0.0,742,742.0,0.006635169079099882,77.598755,0.0054869344
0,936,1.0,0.0,759,759.0,0.007674782636553509,120.56565,0.006406578
0,937,1.0,0.0,795,795.0,0.0067228920842313,351.84253,0.006138281
0,938,1.0,0.0,914,914.0,0.007512964894520023,1312.2208,0.0060409787
0,939,0.0,1.0,1,,0.06024579270251551,24.363316,0.24486034
0,940,1.0,0.0,887,887,0.012464227078854485,1476.4816,0.005404487
0,941,1.0,0.0,975,975,0.017621994959986294,1264.0063,0.005992248
0,942,1.0,0.0,759,759,0.006973076871085763,411.68472,0.0055187405
0,943,1.0,0.0,836,836,0.014359113503969479,220.49635,0.005697789
0,944,1.0,0.0,814,814,0.00417408994396225,1960.6914,0.0054802503
0,945,1.0,0.0,628,628,0.0022364907641902066,44.905052,0.005654693
0,946,1.0,0.0,980,980,0.013600180497372931,1546.4008,0.006389358
0,947,1.0,0.0,583,583,0.0021516884268953504,326.1289,0.0062358207
0,948,1.0,0.0,849,849,0.010849385348080135,1223.8369,0.0053784545
0,949,1.0,0.0,689,689,0.004892355169965682,53.708275,0.0055592116
0,950,1.0,0.0,979,979.0,0.01528323828342091,1899.9314,0.0055770716
0,951,0.0,1.0,1,,0.07052516915747731,41.42163,0.2654395
0,952,1.0,0.0,818,818.0,0.012644513336828575,24.337769,0.0053911535
0,953,1.0,0.0,582,582.0,0.002454774383289687,155.44043,0.006236067
0,954,1.0,0.0,898,898.0,0.007806691691071263,1399.324,0.0054833973
0,955,1.0,0.0,761,761.0,0.009341058905587002,63.638607,0.0060556014
0,956,1.0,0.0,765,765.0,0.008237756612989084,53.726994,0.0061321333
0,957,1.0,0.0,798,798.0,0.0070719280446000805,153.21298,0.006196657
0,958,0.0,1.0,4,,0.10151641532776257,265.65338,0.31740436
0,959,1.0,0.0,992,992.0,0.020516462992114518,1726.7933,0.005616814
0,960,1.0,0.0,742,742.0,0.006159294998693,325.62906,0.0055339946
0,961,1.0,0.0,780,780.0,0.010379290554405021,188.41595,0.0053903353
0,962,1.0,0.0,736,736.0,0.004390232507889734,2326.3625,0.0058978167
0,963,1.0,0.0,999,999.0,0.01815133290252388,1768.6855,0.0056817457
0,964,0.0,1.0,278,,0.05522354037889592,1926.1034,0.2876007
0,965,1.0,0.0,1002,1002.0,0.018385727749481284,1739.7985,0.005561013
0,966,1.0,0.0,330,330.0,0.00031571574902947933,1241.4858,0.008236239
0,967,1.0,0.0,909,909.0,0.013978930939664356,1091.0459,0.0056121736
0,968,1.0,0.0,828,828.0,0.006841640623818021,1429.8866,0.005657078
0,969,0.0,1.0,1,,0.08629420317915049,56.900738,0.29439735
0,970,1.0,0.0,859,859.0,0.011093844602003744,170.87666,0.005506309
0,971,0.0,1.0,7,,0.050453135202930675,942.4806,0.23155065
0,972,0.0,1.0,272,,0.07818805518603203,2312.5503,0.31953108
0,973,0.0,1.0,1,,0.10980854320874389,23.327383,0.3298707
0,974,1.0,0.0,695,695.0,0.0027715688225154653,319.7754,0.005519636
0,975,1.0,0.0,603,603,0.0016717958931563406,570.60205,0.0058980603
0,976,1.0,0.0,814,814,0.008204984136549565,226.63367,0.0055480916
0,977,1.0,0.0,750,750,0.007418907178360704,637.45074,0.006103829
0,978,1.0,0.0,847,847,0.013530972511784667,769.2773,0.005514822
0,979,1.0,0.0,301,301,0.0006341847077839416,1475.1766,0.004912113
0,980,1.0,0.0,613,613.0,0.0027511443235201235,90.58605,0.0056025386
0,981,1.0,0.0,834,834.0,0.007367591323693687,477.2179,0.0064043785
0,982,0.0,1.0,91,,0.05072413387122028,620.82776,0.24139477
0,983,0.0,1.0,317,,0.02448701336044592,18898.783,0.23470165
0,984,1.0,0.0,798,798.0,0.010373311779137412,129.53065,0.005593814
0,985,0.0,1.0,113,,0.07254706532273739,1391.4673,0.27782142
0,986,0.0,1.0,122,,0.05160062593365178,644.6368,0.2356006
0,987,1.0,0.0,873,873.0,0.00919678298981049,1462.1241,0.0057053217
0,988,0.0,1.0,13,,0.09582115704302727,983.70264,0.31414118
0,989,1.0,0.0,841,841.0,0.006188923824983537,1764.7539,0.0054794243
0,990,1.0,0.0,790,790,0.010488510410115007,55.7145,0.0054375557
0,991,1.0,0.0,819,819,0.01177501353312351,61.180725,0.0061628018
0,992,1.0,0.0,855,855,0.015150029413168321,250.09825,0.0056164004
0,993,1.0,0.0,999,999,0.019311057007467276,1594.2311,0.005369996
0,994,1.0,0.0,897,897,0.010455332258964027,1058.8387,0.0055001173
0,995,0.0,1.0,221,,0.05761686507686981,1608.8608,0.29770234
0,996,1.0,0.0,976,976.0,0.015107098382206391,1523.731,0.006375619
0,997,1.0,0.0,734,734.0,0.003130586793195921,218.8034,0.0057977363
0,998,1.0,0.0,1231,1231.0,0.017862617990580594,4567.5005,0.0063491855
0,999,0.0,1.0,21,,0.057839623382145655,1337.6995,0.24335626
